model,embedding,max_features,accuracy,precision,recall,f1
GRU,TF-IDF,3000,0.9713261648745519,0.9041095890410958,0.88,0.8918918918918919
