model,embedding,max_features,accuracy,precision,recall,f1
GRU,TF-IDF,3000,0.9731182795698925,0.9166666666666666,0.88,0.8979591836734694
